years,months,BETA0,BETA1,BETA2,BETA3
0,0,1.0200634195540594,0.6881562671292436,-1.123716924270824,6.536652411363167
0,0,0.9694009562448779,0.6539783023418582,-1.0679064066554929,6.21200307426574
0,0,1.0049983949405557,0.6779930842295263,-1.107121070720707,6.440114463251906
0,0,2.0548804710470767,1.3862656451014883,-2.2636866673237566,13.167847340320304
0,0,3.0763343051411236,2.0753599151639395,-3.3889352927813743,19.71340964530516
0,0,3.152497491726879,2.126741204962994,-3.4728377836777007,20.201469767557683
0,0,3.1596820882939345,2.131588085127147,-3.4807524413369153,20.247509268214657
0,0,3.084306249860605,2.0807379569746316,-3.3977173047905382,19.764494539317564
0,0,3.0921988367509043,2.0860624623223445,-3.406411895043353,19.81507090166857
0,0,3.100012159437846,2.0913334943690307,-3.4150191666794085,19.865139332320343
0,0,3.1077463293115803,2.0965511282608325,-3.4235392424077395,19.91470054507037
0,0,3.1154014756383104,2.101715451203453,-3.431972264629904,19.96375536826738
0,0,3.122977743772686,2.1068265612562,-3.44031839347073,20.012304733356217
0,0,3.130475295381255,2.1118845674827313,-3.4485778070244733,20.060349676309762
0,0,3.1378943073252095,2.116889589197333,-3.4567507001240356,20.107891330469442
0,0,3.1452349709900345,2.121841755512684,-3.464837283602492,20.15493092224959
0,0,2.0552738809487554,1.3865310477070527,-2.264120053480163,13.170368344145325
0,0,3.166788992409527,2.1363825523272055,-3.4885815118444654,20.293050909091086
0,0,3.233643967750561,2.1814843267735595,-3.5622299397973776,20.721463228754153
0,0,3.2399146693566836,2.1857146741488602,-3.5691378372739218,20.761646413435475
0,0,3.17381844785832,2.1411247710254386,-3.4963252637571354,20.338096252379653
0,0,3.1807707100444103,2.145814913522829,-3.5039839784318496,20.38264693473135
0,0,3.187646045767878,2.1504531598083294,-3.511557949779515,20.426704665823582
0,0,3.1944447323309837,2.1550396969558867,-3.5190474832803975,20.470271222632622
0,0,3.201167056979542,2.159574718747576,-3.526452895368726,20.513348445853875
0,0,3.207813317126373,2.16405842582435,-3.533774513678856,20.55593824133377
0,0,3.214383819010597,2.1684910247815696,-3.5410126755683233,20.598042571478416
0,0,3.220878877697635,2.1728727281690037,-3.548167728117848,20.639663455253597
0,0,3.227298816855758,2.1772037543400846,-3.555240027885176,20.680802966752886
0,0,3.246111267910914,2.1898950300446156,-3.5759641017343653,20.801354739511382
0,0,3.3040821306216333,2.2290033949957975,-3.6398256600393326,21.172836916269066
0,0,3.309488135626148,2.232650399831649,-3.6457809949722546,21.207479052210036
0,0,3.252234116130108,2.1940256324110465,-3.5827091217368054,20.840590467221237
0,0,3.2582835734346416,2.1981067237207084,-3.5893732932240354,20.879355899761112
0,0,3.2642600051663337,2.202138550440886,-3.5959570186619962,20.917653378272195
0,0,3.2701637824767187,2.206121362958222,-3.602460706916699,20.955485281124815
0,0,3.275995281880147,2.2100554152772283,-3.6088847727619116,20.99285402105468
0,0,3.2817548851420617,2.213940964944912,-3.615229636756082,21.029762044446937
0,0,3.287442978496915,2.21777827252317,-3.6214957243807864,21.066211826324533
0,0,3.2930599530950766,2.2215676018902797,-3.6276834665330466,21.10220587321202
0,0,3.298606203997302,2.225309219562548,-3.6337932984176247,21.137746716692035
0,0,3.3148246254675855,2.236250508274379,-3.651659750975135,21.241675729124
0,0,3.364457601452157,2.2697339592298014,-3.706336170153242,21.55972802463178
0,0,3.3690570078070103,2.2728368156282297,-3.711402944104225,21.589201408407696
0,0,3.3200920097309914,2.2398039966386865,-3.657462379252909,21.27542957166648
0,0,3.3252907009062733,2.24331114319895,-3.663189334210548,21.30874322310758
0,0,3.330421114388195,2.2467722281892266,-3.6688410734530588,21.341619345331974
0,0,3.3354836679177535,2.250187533426391,-3.6744180571700893,21.3740606152592
0,0,3.340478781693902,2.2535573423855078,-3.679920748259012,21.406069725559586
0,0,3.345406878261826,2.2568819401244573,-3.6853496122018425,21.43764938393831
0,0,3.3502683816191405,2.260161612680962,-3.690705116080613,21.468802307407845
0,0,3.3550637179979663,2.263396647600188,-3.695987729438922,21.499531227299567
0,0,3.3597933149711294,2.2665873333317674,-3.7011979232973062,21.529838883536193
0,0,3.373591965407173,2.2758961935393422,-3.716398720355452,21.61826179912879
0,0,3.4154922346728895,2.30416299767806,-3.762556675638246,21.886762257906387
0,0,3.4193468907257913,2.306763429837064,-3.766803021660322,21.91146321894486
0,0,3.37806290640621,2.278912384503035,-3.72132397497367,21.64691196607154
0,0,3.3824702639632127,2.281885680737554,-3.7261791851333306,21.675154684955935
0,0,3.3868144716841737,2.2848163747626344,-3.7309648285011967,21.70299273436574
0,0,3.391095963845437,2.2877047595502455,-3.735681383482502,21.730428897180392
0,0,3.3953151749467994,2.2905511282231,-3.7403293287286363,21.757465957711222
0,0,3.3994725398232317,2.2933557741300286,-3.7449091432602253,21.784106702417397
0,0,3.403568493309705,2.2961189906198607,-3.749421306097893,21.81035391775808
0,0,3.407603470464642,2.298841071192172,-3.7538662965084217,21.836210391624327
0,0,3.4115779061230134,2.301522309195791,-3.758244593512435,21.861678910475298
0,0,3.4231423078877112,2.3093238981925386,-3.7709841092454273,21.935784572174484
0,0,3.457933324236292,2.3327946505802073,-3.8093104065462113,22.158728338757296
0,0,3.4611055442295666,2.334934697000104,-3.8128049709287977,22.17905619197791
0,0,3.4268789197646425,2.3118446952642184,-3.775100416060326,21.95972909617903
0,0,3.4305571588453248,2.314326112818117,-3.779152418540999,21.98329956238281
0,0,3.4341774573950463,2.316768442469502,-3.783140592877271,22.006498740778245
0,0,3.4377402467852938,2.319171975230663,-3.7870654142743403,22.029329395630196
0,0,3.4412459572703,2.321537001360168,-3.790927356706623,22.05179428404407
0,0,3.444695018433946,2.3238638106643514,-3.7947268934100653,22.073896158829605
0,0,3.4480878589663106,2.326152692346568,-3.798464496635987,22.09563776706897
0,0,3.4514249059933175,2.328403934554963,-3.8021406369126125,22.117021845821103
0,0,3.454706586082264,2.330617825060819,-3.805755784152775,22.138051128565223
0,0,3.464223668607273,2.337038249378392,-3.8162399427825497,22.199037395932244
0,0,3.4925215520782715,2.356128597570246,-3.84741330903394,22.38037261948927
0,0,3.4950720796195998,2.3578492371681428,-3.850223007832141,22.396716615052366
0,0,3.467288118573892,2.339105591868484,-3.819615786112542,22.21867464973413
0,0,3.470299313658026,2.341137007493212,-3.822932963077678,22.237970641758228
0,0,3.473257672159298,2.3431327784463116,-3.826191934482998,22.256928052503795
0,0,3.4761636108131766,2.3450931858663067,-3.8293931594104476,22.27554955244686
0,0,3.479017544567524,2.347018509685766,-3.8325370949727193,22.29383780060832
0,0,3.48181988680605,2.3489090287820447,-3.8356241965594102,22.311795445985833
0,0,3.4845710495717594,2.3507650211280335,-3.8386549180831784,22.329425128985726
0,0,3.487271442784875,2.352586763264548,-3.8416297111181947,22.346729476411358
0,0,3.4899214748014664,2.3543745306771937,-3.844549025515534,22.363711105042853
0,0,3.497573460083529,2.3595367211125042,-3.8529785654842192,22.41274567199907
0,0,3.519971439649493,2.3746468698678522,-3.8776525104814326,22.556273813811593
0,0,3.5219582385087036,2.3759872062236926,-3.8798411974399283,22.569005388442147
0,0,3.500026094563981,2.3611913199897367,-3.8556804238411626,22.428462360573047
0,0,3.502430382143823,2.3628133030295486,-3.858329022538549,22.44386923813097
0,0,3.504786720118317,2.3644029382556915,-3.860924799242706,22.458968850574376
0,0,3.507095503548218,2.365960492184471,-3.8634681891583935,22.4737637294859
0,0,3.5093571257066754,2.3674862301262363,-3.8659596255211204,22.488256394993048
0,0,3.511571977855784,2.368980416034638,-3.8683995393509867,22.50244935433631
0,0,3.5137404492465802,2.3704433125066235,-3.8707883594526824,22.516345101869167
0,0,3.515862926895598,2.3718751806316973,-3.8731265121693346,22.52994611762619
0,0,3.517939796031762,2.373276280293406,-3.8754144218748148,22.543254870186814
0,0,3.5239005714699774,2.3772975449482554,-3.8819809001087155,22.581452021849046
0,0,3.540960077064428,2.3888062467249354,-3.9007739033560607,22.69077077227476
0,0,3.5424376694243866,2.3898030616516115,-3.90240164091652,22.70023930871827
0,0,3.5257988152711146,2.378578140196797,-3.884072033507718,22.59361612819989
0,0,3.5276533444154112,2.3798292446171274,-3.886115010195296,22.605500107343374
0,0,3.529464531283381,2.381051109424985,-3.888110240391321,22.61710634552523
0,0,3.531232745909305,2.3822439842532885,-3.890058131731021,22.62843721395634
0,0,3.5329583565398615,2.383408117529003,-3.8919590898803733,22.639495072392467
0,0,3.534641729075494,2.384543756096275,-3.89381351792071,22.65028226555451
0,0,3.5362832269586906,2.385651145141061,-3.8956218162256424,22.660801122412582
0,0,3.5378832117326082,2.3867305285679894,-3.8973843830764494,22.671053959765718
0,0,3.539442042817623,2.3877821488496163,-3.8991016144159247,22.681043080810003
0,0,3.543875172614355,2.390772831579865,-3.9039852156553994,22.70945095037988
0,0,3.55612128511786,2.3990343169990176,-3.917475714003756,22.78792507197994
0,0,3.5571404444415458,2.3997218633440323,-3.9185984349626697,22.79445593086874
0,0,3.545272936893232,2.391715792801726,-3.9055250134230737,22.718407941748154
0,0,3.5466313105088605,2.3926321802525243,-3.9070214178545077,22.727112514424636
0,0,3.5479506394745783,2.3935222273601453,-3.9084748101231037,22.735566885691973
0,0,3.5492312674574893,2.394386165969655,-3.9098855688176184,22.74377325779795
0,0,3.550473536001917,2.3952242264940478,-3.9112540701883205,22.75173381938739
0,0,3.5516777845294047,2.396036637914246,-3.912580688146994,22.759450745502164
0,0,3.552844349891812,2.3968236274776076,-3.91386579377462,22.766926194717396
0,0,3.5539735670416674,2.3975854211501644,-3.9151097560598522,22.774162313437134
0,0,3.555065768696995,2.3983222433905023,-3.9163129415297755,22.781161233746534
0,0,2.056270885587064,1.3872036480346963,-2.26521836851055,13.176757233941991
0,0,2.094290149945738,1.4128522445224545,-2.3071009514845042,13.420387886001865
0,0,2.1004360828519286,1.4169984203049366,-2.3138714019189868,13.459771542332655
0,0,2.05784627391859,1.388266438183544,-2.266953839557251,13.18685245521814
0,0,2.0599756801020157,1.389702980443856,-2.269299624849707,13.20049786960791
0,0,2.062635557242668,1.3914973895845482,-2.272229784781075,13.217542586624596
0,0,2.065803151025341,1.3936343150653374,-2.2757192528617565,13.237840794697561
0,0,2.0694564740174717,1.3960989237011234,-2.279743807411394,13.261251596504806
0,0,2.0735742816481935,1.3988768834569518,-2.2842800450970437,13.287638855044728
0,0,2.078136048299118,1.4019543473183527,-2.2893053545944264,13.316871040423823
0,0,2.083121944065464,1.4053179376139093,-2.2947978909876467,13.34882108094007
0,0,2.0885128127461723,1.408954731166924,-2.300736551522775,13.383366222041687
0,0,3.5581235729060077,2.4003851025125424,-3.9196814637950643,22.80075590097326
0,0,3.566043289498756,2.4057279101289257,-3.9284059405286684,22.851506112745323
0,0,3.5666509618746347,2.406137858712323,-3.9290753613902507,22.855400128573123
0,0,3.559070993956066,2.401024252707236,-3.92072515681253,22.806827054955185
0,0,3.5599830293606614,2.4016395310002174,-3.921729868480483,22.812671454737018
0,0,3.5608599984307774,2.4022311528054017,-3.9226959505566175,22.818291146490466
0,0,3.561702218242891,2.4027993320292578,-3.9236237523370616,22.823688162068336
0,0,3.562510003862424,2.4033442812215555,-3.924513620902536,22.828864520436422
0,0,3.56328366812029,2.403866211424618,-3.925365900872195,22.833822226241594
0,0,3.564023521389448,2.40436533202258,-3.9261809341574714,22.838563268379943
0,0,3.5647298722552487,2.404841851193619,-3.9269590607005456,22.843089624292425
0,0,3.5654030269568135,2.405295975533096,-3.927700617858954,22.847403256385153
0,0,3.5672263438434997,2.406526023507058,-3.9297092106626974,22.859087224749832
0,0,3.571268625600294,2.4092530319176295,-3.9341622479304847,22.884990507120754
0,0,3.5715079928671223,2.40941451411732,-3.934425938445893,22.886524392751706
0,0,3.567769733153348,2.4068926053801993,-3.930307816349598,22.862569309269716
0,0,3.5682814252059423,2.4072378036159985,-3.930871503869896,22.86584827509218
0,0,3.5687617133919916,2.4075618161420063,-3.931400596427128,22.868926002289633
0,0,3.5692108890911465,2.4078648395290725,-3.93189541500942,22.871804358047445
0,0,3.569629241336828,2.40814706876523,-3.9323562780202557,22.87448519451615
0,0,3.5700170571513996,2.4084086974818115,-3.932783501647709,22.876970350959258
0,0,3.570374621769621,2.4086499181041923,-3.9331774001106017,22.879261655185164
0,0,3.570702217744843,2.408870921248814,-3.933538284673878,22.881360917819563
0,0,3.571000126177988,2.40907189655228,-3.933866465002464,22.88326994018087
0,0,3.5717185025993246,2.4095565284163625,-3.9346578390750744,22.887873356867306
0,0,3.5722954156520665,2.409945726112528,-3.9352933750121264,22.89157026435861
0,0,3.5722060445522077,2.4098854344862533,-3.935194922488953,22.89099756681432
0,0,3.5719004274066988,2.4096792587230675,-3.934858250129007,22.889039146374127
0,0,3.57205403777626,2.4097828875136735,-3.9350274695801812,22.890023494575775
0,0,3.5721796024074193,2.409867596058462,-3.9351657934318345,22.89082812332073
0,0,3.572277387876806,2.409933564195641,-3.9352735153487184,22.891454740854513
0,0,3.5723476587499934,2.4099809704067194,-3.935350926780175,22.89190504253563
0,0,3.5723906775814998,2.4100099918165045,-3.935398316960138,22.892180710835568
0,0,3.5724067050265123,2.4100208042684756,-3.9354159730302096,22.892283416054756
0,0,3.5723959997291614,2.4100135822494106,-3.9354041799165835,22.892214815606582
0,0,3.5723588183225226,2.4099884988893874,-3.9353632203300446,22.891976554017447
0,0,3.572090955846303,2.409807793221283,-3.935068139071238,22.8902600686818
0,0,3.569579450721547,2.408113478967485,-3.9323014279433006,22.874166132054736
0,0,3.5691974900961694,2.407855800284855,-3.9318806544787166,22.871718496157737
0,0,3.571950398681833,2.409712970397755,-3.9349132992235236,22.889359366519116
0,0,3.5717846199717678,2.409601132588359,-3.9347306749487845,22.8882970425654
0,0,3.5715938650649264,2.4094724453105756,-3.934520536526901,22.887074669036576
0,0,3.5713783771873433,2.409327072649811,-3.9342831518992663,22.885693804545586
0,0,3.57113839777745,2.4091651774855163,-3.934018787038019,22.884155996250254
0,0,3.5708741665977985,2.408986921566558,-3.933727706069128,22.88246278056923
0,0,3.5705859212881577,2.40879246520973,-3.93341017078007,22.880615680318193
0,0,3.5702738977006923,2.40858196752587,-3.933066440989074,22.878616206857714
0,0,3.5699383301234118,2.408355586570604,-3.932696774791269,22.8764658615251
0,0,3.568792676725574,2.407582704658982,-3.9314347060925776,22.869124417942274
0,0,3.5635367064332653,2.404036916399975,-3.9256446516138928,22.835443717089095
0,0,3.5628951077681412,2.4036040804273062,-3.924937857051154,22.831332298738904
0,0,3.5683652377473494,2.4072943453216684,-3.930963833003007,22.866385352925175
0,0,3.5679153981763028,2.406990874072642,-3.930468283089637,22.863502743020298
0,0,3.5674433815748143,2.406672441731793,-3.9299483026320874,22.86047802083423
0,0,3.56694940938248,2.406339197686936,-3.9294041355714864,22.857312605370574
0,0,3.5664337016981946,2.4059912904214222,-3.928836024372026,22.854007907041602
0,0,3.56589647649807,2.405628866986527,-3.92824420915941,22.850565322656628
0,0,3.565337950529239,2.405252073604432,-3.927628928705481,22.846986241149555
0,0,3.564758338416055,2.404861055065245,-3.926990419443594,22.84327203785134
0,0,3.5641578532187164,2.404455955103865,-3.9263289160840102,22.83942407806969
0,0,3.5622332653676274,2.4031575876043747,-3.92420876169061,22.827091156825244
0,0,3.55454604940313,2.3979716298086746,-3.915740411081971,22.77783082868509
0,0,3.5536747962007267,2.3973838640482357,-3.914780625690104,22.772247764693944
0,0,3.5615513855884013,2.402697577143743,-3.9234575928578237,22.822721613699105
0,0,3.5608496732229877,2.40222418720276,-3.9226845761552642,22.818224981688257
0,0,3.560128331611481,2.401737554958937,-3.9218899355853813,22.813602563813166
0,0,3.5593875621946447,2.401237816308455,-3.921073893058295,22.80885565092324
0,0,3.5586275648490884,2.4007251060922856,-3.9202366687610297,22.803985523844638
0,0,3.557848538222443,2.4001995583223037,-3.9193784815267474,22.798993455528134
0,0,3.5570506788395586,2.399661305578313,-3.9184995478501263,22.793880705321545
0,0,3.5562341819963055,2.39911047961102,-3.9176000828719797,22.78864852469727
0,0,3.5553992415361253,2.398547211191294,-3.916680300133106,22.783298155820436
0,0,3.5527856710798926,2.3967840415152097,-3.913801152329014,22.76655017594241
0,0,3.542951981882793,2.390150027668361,-3.9029682151145506,22.703535066322146
0,0,3.541878316464688,2.389425710364059,-3.90178544943724,22.696654927783975
0,0,3.5518788614040018,2.3961722886088754,-3.9128021974009606,22.760739263070786
0,0,3.550954553419173,2.3955487309747867,-3.911783966077417,22.75481621955991
0,0,3.5500129314721955,2.3949134929771705,-3.9107466614375292,22.74878222671955
0,0,3.549054178792605,2.394266698226531,-3.9096904853296586,22.74263845870002
0,0,3.5480784768223326,2.393608469127416,-3.9086156376329155,22.73638607819652
0,0,3.547086005662604,2.3929389271799053,-3.9075223167494695,22.730026239312892
0,0,3.546076944185667,2.3922581930549858,-3.90641071972763,22.72356008827758
0,0,3.54505146936444,2.3915663861423146,-3.9052810415233767,22.71698875914797
0,0,3.5440097571663123,2.3908636251531985,-3.9041334759849833,22.71031337953793
0,0,3.5407889325220996,2.3886907890120805,-3.9005853680012734,22.68967406361542
0,0,3.52906732931239,2.3807831486095945,-3.8876726768353693,22.61456104180028
0,0,3.527815972136088,2.379938956702717,-3.8862941632936003,22.60654223949137
0,0,3.5396840001009737,2.3879453783290034,-3.899368158131776,22.68259356348524
0,0,3.5385636880182805,2.3871895922023105,-3.898134005800014,22.675414509186812
0,0,3.5374281637502833,2.3864235436150163,-3.896883095500313,22.66813797392216
0,0,3.536277593209093,2.385647344494926,-3.895615610003903,22.660765020870084
0,0,3.535112141189566,2.38486110601612,-3.8943317308512317,22.653296706049915
0,0,3.5339319710341304,2.3840649383728403,-3.8930316379827294,22.645734076173706
0,0,3.53273724474451,2.3832589508548625,-3.891715509861887,22.638078169362167
0,0,3.5315281229817233,2.3824432518474934,-3.8903835234752546,22.63033001514465
0,0,3.5303047651778128,2.3816179489069462,-3.8890358544555244,22.62249063517513
0,0,3.5265508493940123,2.379085478255242,-3.884900485401326,22.59843522627618
0,0,3.5131758132430853,2.3700623971664556,-3.870166348094352,22.51272686674472
0,0,3.5117691714932016,2.3691134470156787,-3.8686167707735404,22.503712987793627
0,0,3.5252721149319375,2.3782228170547692,-3.8834918126373226,22.5902409880114
0,0,3.5239799220370123,2.3773510765120376,-3.882068313864977,22.581960506974003
0,0,3.5226744222087794,2.37647035883183,-3.880630155978422,22.573594753985837
0,0,3.5213557659412538,2.3755807655405774,-3.879177504764087,22.565144693425243
0,0,3.520024102499472,2.3746823973356186,-3.877710524654539,22.556611281795156
0,0,3.5186795796960415,2.373775353934451,-3.87622937848233,22.547995466291233
0,0,3.5173223444497657,2.3728597344515943,-3.8747342280953827,22.539298188381558
0,0,3.5159525423387468,2.3719356370971014,-3.873225233864684,22.530520380942885
0,0,3.514570317488655,2.371003159101186,-3.8717025545612,22.521662967544657
0,0,3.5103505331246416,2.368156403693273,-3.867053977800465,22.494622233498415
0,0,3.4955344808042996,2.3581611827463096,-3.850732395804584,22.399679720836815
0,0,3.4939928432415313,2.357121161576915,-3.8490341051030783,22.389800777332965
0,0,3.5089200375706127,2.367191361263817,-3.8654781227768042,22.48545549735884
0,0,3.5074778234822457,2.366218413264284,-3.8638893584426923,22.476213667863032
0,0,3.506024028058241,2.3652376522518073,-3.862287835938243,22.466897624191844
0,0,3.504558787491772,2.3642491701051696,-3.860673705295867,22.45750823908261
0,0,3.5030822368587597,2.3632530579494317,-3.8590471153171926,22.44804637811322
0,0,3.5015945101178696,2.362249406155932,-3.8574082135730645,22.438512899702104
0,0,3.50009573999879,2.3612383042669123,-3.8557571462804665,22.428908654392295
0,0,3.498586058113956,2.360219841070894,-3.8540940584256007,22.41923448556737
0,0,3.4970655952937246,2.3591941048287923,-3.8524190941331207,22.409491231599304
0,0,2.106933348896246,1.4213816128220815,-2.3210288861258817,13.501406571039418
0,0,2.187830964910719,1.4759568484290126,-2.4101468943849826,14.019805316311267
0,0,2.1972098563902254,1.4822840461567472,-2.4204788197186335,14.079906043805478
0,0,2.1137652774309714,1.4259905757038267,-2.3285550394735197,13.545186145205795
0,0,2.120915769395159,1.430814448184583,-2.336432126998659,13.591007100691655
0,0,2.128369280332384,1.4358427436466534,-2.344643024698587,13.63876982730941
0,0,2.136110801285712,1.4410653367315756,-2.3531711984847377,13.688378146397367
0,0,2.144125842485802,1.4464724523357722,-2.3620006862132614,13.739739206291707
0,0,2.152400416145205,1.4520546540032235,-2.3711160787309757,13.792763372070915
0,0,2.1609210205933693,1.457802833222607,-2.380502502398247,13.847364123891538
0,0,2.1696746242999176,1.463708198649063,-2.3901456014888,13.903457954608006
0,0,2.1786486510151786,1.4697622660796859,-2.400031521820308,13.960964274551909
0,0,3.4924408099722926,2.3560741272449843,-3.847324362337832,22.379855217265415
0,0,2.071335910200568,1.3973668309344136,-2.2818142220606674,13.273295182053253
0,0,2.206774028235567,1.4887362379215987,-2.4310148526389628,14.141194063508092
0,0,2.310390234835528,1.558637913230271,-2.545159995728223,14.805175453041729
0,0,2.3213523010080275,1.5660331539502927,-2.5572359696793323,14.875421297472966
0,0,2.21651258253493,1.495306071762729,-2.4417429878454078,14.203599540681218
0,0,2.226415007499229,1.501986456205824,-2.452651645395905,14.26705511489397
0,0,2.2364711650605966,1.5087705518967758,-2.463729657045203,14.331495820552545
0,0,2.2466712785825975,1.515651763310732,-2.4749662527062526,14.396859008146228
0,0,2.257005921464244,1.5226237310641262,-2.4863510478962203,14.463084271220973
0,0,2.2674660057440144,1.529680324226707,-2.4978740311825103,14.53011337335299
0,0,2.2780427707038693,1.5368156326335696,-2.5095255516287773,14.597890175122314
0,0,2.2887277724787936,1.5440239598755325,-2.521296307348648,14.66636056752989
0,0,2.2995128741132467,1.5512998165910095,-2.5331773345517545,14.735472408278445
0,0,2.0667211126764387,1.3942535913290266,-2.276730492970358,13.243723170366724
0,0,2.332391796295394,1.5734806299819948,-2.569397240686624,14.946163314201636
0,0,2.4456257279298037,1.649870625164813,-2.6941374116800496,15.671775896789665
0,0,2.4571075703760847,1.6576165179065143,-2.7067859788488806,15.745352511414454
0,0,2.343501713285139,1.5809756139773243,-2.581636089281036,15.017356599137594
0,0,2.354675303655806,1.5885135533764954,-2.5939450814120133,15.088957908467888
0,0,2.365906070803101,1.5960900654334211,-2.6063170603243413,15.160925611404355
0,0,2.377187760901863,1.6037009311859318,-2.6187451367118855,15.233219632908003
0,0,2.388514355085293,1.6113420901797173,-2.6312226801021112,15.305801403572827
0,0,2.3998800618476337,1.6190096353430143,-2.643743310486764,15.378633810941556
0,0,2.4112793094468428,1.6266998078612909,-2.6563008899525435,15.451681150821338
0,0,2.4227067388659025,1.6344089924287961,-2.6688895149271765,15.524909082179207
0,0,2.4341571966623934,1.6421337124247342,-2.6815035083024026,15.59828458132157
0,0,2.0629125282378693,1.391684240051399,-2.27253490011888,13.219317440117972
0,0,2.468598147396679,1.6653683031760127,-2.719444168153742,15.818985097928005
0,0,2.5830986508506517,1.7426127543844987,-2.8455796133645976,16.552713979541963
0,0,2.5944306401383814,1.750257553029275,-2.858063100081379,16.625330322490093
0,0,2.4800930622648063,1.6731230148488194,-2.732107136095494,15.892645481734345
0,0,2.4915880918748448,1.6808778039289358,-2.7447702304386294,15.966306600816527
0,0,2.5030791813795124,1.688629934930984,-2.757428984303513,16.039942471371234
0,0,2.5145624380449783,1.6963767817347333,-2.770079109397079,16.11352814843182
0,0,2.5260341265583954,1.7041158244194652,-2.7827164908435438,16.187039695798564
0,0,2.537490663218185,1.7118446453446157,-2.7953371807843346,16.260454148809558
0,0,2.5489286110181237,1.7195609258333975,-2.8079373929626485,16.333749482839085
0,0,2.560344674731426,1.7272624428564178,-2.8205134973080037,16.406904581796027
0,0,2.5717356965534597,1.7349470660921624,-2.8330620151361923,16.47989921020201
0,0,2.059878192157174,1.3896372130230012,-2.2691922306902548,13.199873158636501
0,0,2.605728890723689,1.757879590834802,-2.8705094197454186,16.69773046498802
0,0,2.7163260687848574,1.8324907765225251,-2.9923449040707557,17.406446508329267
0,0,2.727101601927159,1.8397601781316675,-3.0042153904816287,17.47549703337323
0,0,2.6169907484597137,1.765477077257706,-2.882915648509345,16.76989739903884
0,0,2.628213674723583,1.7730482996895303,-2.8952789897887206,16.84181485693312
0,0,2.6393952426177507,1.7805916208940753,-2.907596770077374,16.913467286906723
0,0,2.6505331329478867,1.788105476293999,-2.9198664345165883,16.984839827366812
0,0,2.661625130759388,1.7955883716342766,-2.93208554307967,17.05591828469752
0,0,2.6726691219856247,1.803038880721033,-2.944251766879604,17.126689111781598
0,0,2.683663089425824,1.810455642708141,-2.9563628837382354,17.197139382226393
0,0,2.6946051100636628,1.817837360288287,-2.968416775232389,17.267256773181145
0,0,2.705493351492058,1.8251827972810595,-2.980411422755367,17.337029542426745
0,0,2.05758720087382,1.388091662051016,-2.2666684408659052,13.185192293300409
0,0,2.7378183721283698,1.8469899370231013,-3.016021142768959,17.544171000535385
0,0,2.8414598542372587,1.916908663722442,-3.1301941297320486,18.20831435766164
0,0,2.8514467601955937,1.9236460408234295,-3.1411958527929422,18.272311293208205
0,0,2.7484748798111567,1.8541790415503732,-3.027760508976214,17.61245880039772
0,0,2.759069701371406,1.8613265313201652,-3.0394319208400824,17.680351310385035
0,0,2.7696014867202714,1.868431495534106,-3.0510338910827572,17.747839879014148
0,0,2.7800689567144867,1.8754930712552071,-3.06256501058113,17.81491630942714
0,0,2.7904709006984127,1.8825104417496765,-3.074023945659073,17.88157284364059
0,0,2.8008061740460777,1.8894828348287251,-3.085409435379716,17.94780214679475
0,0,2.811073695926672,1.896409521341125,-3.0967202890838794,18.01359729283464
0,0,2.8212724470700388,1.9032898136657608,-3.10795538392851,18.078951750191152
0,0,2.8314014674204473,1.9101230641288158,-3.1191136623020386,18.1438593667462
0,0,2.0560096778064776,1.3870274317644251,-2.264930618162709,13.17508339245713
0,0,2.861361390928381,1.9303346595350213,-3.152117956398225,18.335845083014704
0,0,2.956392299535297,1.994444511996376,-3.2568054084559708,18.944811159036718
0,0,2.9654729363448715,2.000570500842016,-3.2668087720414785,19.00300064545509
0,0,2.8712030036856473,1.9369740187824425,-3.1629596223235605,18.398910967476684
0,0,2.8809709051000176,1.9435636508054572,-3.173720086745209,18.46150450343753
0,0,2.890664449622553,1.9501031201031558,-3.184398638516929,18.52362155416521
0,0,2.9002830377351505,1.9565920222279984,-3.194994617200726,18.585258277897157
0,0,2.9098261142746624,1.9630299826552338,-3.20550741122068,18.64641111710111
0,0,2.9192931667570154,1.9694166556523114,-3.215936456016768,18.707076787735907
0,0,2.9286837241482315,1.9757517234497892,-3.2262812326910058,18.767252271376105
0,0,2.937997354741649,1.9820348948092612,-3.2365412656689605,18.826934801609003
0,0,2.9472336653758435,1.9882659044957491,-3.2467161218382015,18.886121859023042
0,0,2.0551167409526734,1.386425037756056,-2.263946945740299,13.169361377799293
0,0,2.9744752888939283,2.006643677476708,-3.2767258965297286,19.060688479730587
0,0,3.060152063013024,2.0644430337983453,-3.371108695921403,19.609712473148797
0,0,3.0682829278482164,2.069928286466228,-3.3800657766764988,19.661815740663933
0,0,2.983399103342525,2.0126638706546824,-3.286556502286893,19.11787303523546
0,0,2.9922441571338116,2.0186309302343997,-3.2963003441410588,19.174552885806637
0,0,3.0010102586588516,2.024544726952436,-3.3059572110129936,19.230726803597904
0,0,3.0096972452455706,2.0304051510667835,-3.315526923700737,19.286393746192886
0,0,3.0183049823766743,2.036212111829242,-3.3250093340180524,19.341552851593416
0,0,3.026833362907575,2.041965536957817,-3.33440432393288,19.396203433207944
0,0,3.0352823055022347,2.0476653715815036,-3.343711803844239,19.450344969828283
0,0,3.0436517539628145,2.053311577788056,-3.3529317118437607,19.50397710133393
0,0,3.0519416761124196,2.0589041338702634,-3.3620640124849026,19.557099621532647
0,0,2.1512127321263748,1.4512534173494434,-2.3698077084796156,13.785152592724454
0,0,3.6175573420176717,2.4404803749331374,-3.9851545813912015,23.181612505310664
0,0,3.71759496495313,2.507967862330581,-4.09535750387767,23.82266202895104
0,0,3.7270302126984647,2.5143330791822036,-4.1057515121058605,23.88312389214903
0,0,3.628033993599233,2.4475481447464427,-3.9966958154617616,23.248747772109628
0,0,3.6384042275892177,2.454544123011132,-4.00811981834218,23.315201106007894
0,0,3.6486685283169185,2.4614686364659466,-4.019427123576755,23.380975610628415
0,0,3.658827389496553,2.468322018180897,-4.030618275048361,23.446074449733526
0,0,3.668881313221739,2.4751046068789124,-4.041693825870738,23.51050084078148
0,0,3.6788308094068682,2.4818167465589807,-4.052654337773111,23.574258051346686
0,0,3.6886763953402024,2.4884587861946588,-4.0635003806078664,23.637349396255953
0,0,3.6984185953487,2.4950310795079558,-4.074232531981323,23.699778235440643
0,0,3.708057939792486,2.501533984290983,-4.084851376146027,23.76154796749317
0,0,2.150368610637476,1.450683955214375,-2.368877811783946,13.779743391041379
0,0,3.736364229700514,2.5206300036423115,-4.11603400305257,23.942937060207566
0,0,3.824259803783136,2.579926209151104,-4.212861065244764,24.506179310896737
0,0,3.832517425135273,2.5854969744350287,-4.221957782850492,24.559094844861445
0,0,3.745597567435491,2.526859007748373,-4.126205584232139,24.002105067032723
0,0,3.7547307811782686,2.5330204661005125,-4.136266867343564,24.060631470872714
0,0,3.763764430449283,2.5391147561630008,-4.14621846876282,24.118519857181674
0,0,3.7726990780090044,2.5451422575859035,-4.156061008435151,24.175773832176155
0,0,3.7815352897462127,2.5511033521297106,-4.165795109751991,24.232397022119176
0,0,3.7902736346779964,2.5569984236653345,-4.175421399550967,24.288393073320226
0,0,3.7989146839442256,2.5628278574957597,-4.184940507008191,24.343765645691754
0,0,3.8074590112544526,2.568592040657535,-4.1943530641305795,24.398518415612948
0,0,3.815907192105835,2.574291361393163,-4.203659704894298,24.45265507091813
0,0,3.8406806362401418,2.5910040485777035,-4.230950496733857,24.61140539000033
0,0,3.917248269849147,2.642658186856995,-4.315298532442676,25.102057242883628
0,0,3.924411406885807,2.6474905899699683,-4.323189549966356,25.147959229060213
0,0,3.848750017957716,2.5964478234395,-4.239839846778782,24.66311466851308
0,0,3.8567261523769476,2.6018286917098856,-4.248626474223052,24.71422641047479
0,0,3.8646096219219648,2.6071470463044437,-4.2573110206736855,24.764744348108387
0,0,3.8724010095755212,2.6124032805156188,-4.265894128353092,24.814672217216515
0,0,3.8801008984320973,2.617597787711228,-4.27437643960676,24.864013754317778
0,0,3.8877098716978984,2.6227309613344616,-4.282758596903258,24.912772696646716
0,0,3.8952285128025803,2.6278031949792524,-4.291041242957307,24.960952782869768
0,0,3.902657404505447,2.6328148817873007,-4.299225019745162,25.00855774735769
0,0,3.909997129565802,2.637766414900308,-4.307310569243076,25.05559132448124
0,0,3.93148712120058,2.652264015873483,-4.330984261328805,25.19330100306285
0,0,3.997562989025832,2.69684018798034,-4.403774412938768,25.61672073606501
0,0,4.003715048502036,2.7009904968759892,-4.4105516124932365,25.65614365197308
0,0,3.9384759927596362,2.6569788558249328,-4.338683305429317,25.238086281363667
0,0,3.945378600076717,2.661635500101872,-4.346287319567174,25.282318771127507
0,0,3.952195520995213,2.666234338529622,-4.353796940303185,25.326002175223536
0,0,3.958927331794357,2.6707757598782913,-4.3612128024750625,25.36914018649768
0,0,3.965574607636133,2.6752601521642676,-4.3685355396897405,25.411736490636432
0,0,3.972137922230092,2.679687902424098,-4.375765783954131,25.453794764018976
0,0,3.9786178478333585,2.6840593967144906,-4.382904165675132,25.49531867371722
0,0,3.985014955027174,2.688375019961569,-4.389951313413464,25.53631187606388
0,0,3.9913298130520793,2.6926351561869906,-4.396907854252911,25.576778018800336
0,0,4.009786555358415,2.7050864632777274,-4.417240074092342,25.69505037990055
0,0,4.0661937945262325,2.7431399748542535,-4.479379121615464,26.056512725139676
0,0,4.071415839646548,2.7466628764777115,-4.485131803623775,26.089976030629916
0,0,4.015778071014735,2.7091284659311525,-4.423840416204388,25.73344451747263
0,0,4.021690155661784,2.7131168827527694,-4.430353255943818,25.77132965443913
0,0,4.027523366697218,2.7170520897747763,-4.43677920734812,25.808709362651218
0,0,4.033278260177986,2.720934462124902,-4.4431188829778385,25.845587205368727
0,0,4.038955389367907,2.7247643730465727,-4.449372892316567,25.881966727952864
0,0,4.044555305966644,2.7285421947279995,-4.455541843124799,25.917851465741585
0,0,4.050078558880726,2.7322682974730883,-4.461626340086071,25.953244936174222
0,0,4.055525695340803,2.7359430504551625,-4.467626986037749,25.988150645950935
0,0,4.060897259672668,2.7395668208878643,-4.473544380617162,26.022572083157286
0,0,4.076563932544162,2.750135888374173,-4.490803018771649,26.122965444040922
0,0,4.124093993872692,2.782200668811613,-4.543162836115014,26.427542085100352
0,0,4.128463381912601,2.7851483500101977,-4.547976218494022,26.455541492117362
0,0,4.0816386086068395,2.7535593717275013,-4.496393356850153,26.155484396182633
0,0,4.086640400317489,2.756933685761881,-4.5019034044503226,26.187536299250432
0,0,4.091569837924509,2.7602591881940497,-4.507333745701621,26.219124551120768
0,0,4.096427449106618,2.763536235007185,-4.512684961902718,26.250252533203373
0,0,4.101213759084577,2.766765180526274,-4.517957631644556,26.280923611157167
0,0,4.10592929062119,2.7699463774181146,-4.52315233081036,26.31114113489028
0,0,4.110574563686125,2.773080176465197,-4.528269632206394,26.340908436412207
0,0,4.115150095679373,2.7761669267164506,-4.533310105808126,26.3702288312657
0,0,4.119656401654687,2.7792069756379876,-4.538274319006377,26.399105619958657
0,0,4.132765073007399,2.788050361423795,-4.552715024918747,26.483107091401415
0,0,4.172168285691054,2.8146325985999283,-4.59612218580157,26.73560620103194
0,0,4.175758009487879,2.817054301879052,-4.600076678538613,26.758609453832538
0,0,4.136999571261759,2.7909070431320355,-4.55737981071834,26.510242113297775
0,0,4.141167378657574,2.793718733782477,-4.561971128883465,26.53694977454874
0,0,4.145268994048426,2.7964857699122536,-4.566489528958595,26.563233271850134
0,0,4.14930491394167,2.7992084864756817,-4.570935557903562,26.58909578686295
0,0,4.153275632051521,2.8018872165427715,-4.575309759601236,26.61454048334952
0,0,4.1571816392990675,2.8045222912992274,-4.579612674857535,26.639570507173563
0,0,4.16102342403571,2.807114040197191,-4.583844841647575,26.664188987732047
0,0,4.164801471819719,2.8096627908044978,-4.588006794869513,26.68839903652331
0,0,4.168516265639682,2.812168868955421,-4.592099066590712,26.712203748578958
0,0,4.179285911862796,2.819434299124891,-4.603963067884487,26.78121654974834
0,0,4.211267274890925,2.8410096002064287,-4.639194209602781,26.986155820924132
0,0,4.214145703976244,2.842951449092075,-4.642365129583325,27.004601037232067
0,0,4.182752464855311,2.821772908785237,-4.607781873844878,26.803430513648294
0,0,4.186158137823521,2.8240704474989484,-4.611533613471599,26.82525435321868
0,0,4.189503397444115,2.826327230095949,-4.61521880086258,26.846691058963067
0,0,4.192788707824101,2.8285435696726,-4.618837947284954,26.867743604918296
0,0,4.196014529942176,2.8307197772148407,-4.622391560559658,26.888414945074736
0,0,4.1991813226542565,2.8328561622765367,-4.6258801461691474,26.908708019819795
0,0,4.202289541687951,2.83495303230113,-4.6293042061496825,26.928625749494408
0,0,4.205339640201184,2.8370106929985015,-4.632664239706725,26.94817103797278
0,0,4.2083320686704715,2.839029448269597,-4.635960743091856,26.967346771946413
0,0,4.216967798246997,2.844855293325306,-4.645473990300357,27.022685255297723
0,0,4.2421857609219416,2.8618678620796896,-4.673254470327623,27.184284086673234
0,0,4.244416613031632,2.863372841898486,-4.675712009950306,27.198579575113136
0,0,4.219733997677521,2.8467214297220775,-4.648521276436104,27.04041129451375
0,0,4.222444739113843,2.8485501529879187,-4.651507469226597,27.057781954226325
0,0,4.22510045705576,2.850341756245544,-4.654433047323226,27.07480001874678
0,0,4.227701583321657,2.8520965308087316,-4.657298486423505,27.091468255203754
0,0,4.2302485469367905,2.8538147661069546,-4.660104259147987,27.10778941282726
0,0,4.2327417744684555,2.855496749911496,-4.662850835409506,27.123766225096503
0,0,4.235181689802544,2.8571427681847044,-4.665538682167016,27.139401408308018
0,0,4.237568713920085,2.85875310492925,-4.668168263179436,27.15469766014374
0,0,4.239903265679329,2.8603280427157296,-4.670740039867199,27.169657664682656
0,0,4.246596232822425,2.864843259315914,-4.678113111294045,27.21254676253328
0,0,4.265663193054482,2.877706232271586,-4.69911755621035,27.334729451559344
0,0,4.267305637474646,2.8788142598701456,-4.700926897234381,27.345254373906123
0,0,4.248725028650391,2.8662793898175782,-4.680458224209914,27.226188265713795
0,0,4.250803405855015,2.8676815068540322,-4.682747795225877,27.23950668210428
0,0,4.252831767764725,2.8690498825191293,-4.684982268654484,27.252504596267325
0,0,4.2548105148030935,2.870384786947044,-4.687162085608255,27.26518457415094
0,0,4.256740044824007,2.871686488538389,-4.689287684368907,27.277549165236383
0,0,4.258620753446849,2.8729552541863312,-4.691359500756591,27.289600904686022
0,0,4.260453033386142,2.8741913488243593,-4.6933779673914255,27.30134230904763
0,0,4.262237275233629,2.87539503595389,-4.6953435145550415,27.312775881266038
0,0,4.2639738665644655,2.8765665770412863,-4.697256569205954,27.32390410495553
0,0,2.1508027340302696,1.4509768239985426,-2.3693560485233025,13.782525290350714
0,0,2.2104173246617065,1.49119408242479,-2.4350283617754616,14.164540614234953
0,0,2.220647181588448,1.4980953593660318,-2.4462977232103356,14.230094400074385
0,0,2.1524382371793385,1.4520801688694265,-2.371157742940607,13.793005732446979
0,0,2.1552023867852945,1.453944922411371,-2.3742027709593425,13.810718636214315
0,0,2.1590263601586344,1.456524655388512,-2.3784153164885815,13.835222980054775
0,0,2.163845035064399,1.4597754349695602,-2.3837236399127604,13.866101455195185
0,0,2.1695967904041917,1.4636556902636897,-2.3900598585200465,13.902959188440697
0,0,2.1762233194114313,1.4681260862981238,-2.3973597407154714,13.945422545114223
0,0,2.18366945089083,1.4731494034225203,-2.4055625090957,13.993137983543939
0,0,2.1918829818538526,1.4786904244013288,-2.4146106560777825,14.045770982577194
0,0,2.2008145183101275,1.4847158270083214,-2.4244497685126207,14.10300502135844
0,0,4.268901580249695,2.8798909164795066,-4.702685011359555,27.355481309789663
0,0,4.2823853591079715,2.8889873576889795,-4.717538941238536,27.441886501759758
0,0,4.283494193647857,2.8897354008235574,-4.7187604497396745,27.448992006996004
0,0,4.270451399346411,2.8809364570840184,-4.704392314959657,27.365412681252966
0,0,4.271955470161888,2.88195113493447,-4.706049221577672,27.37505089387229
0,0,4.27341416585872,2.8829352017742047,-4.70765614229502,27.384398338904983
0,0,4.27482785691809,2.8838889075376315,-4.709213485239245,27.393457390425713
0,0,4.276196911698399,2.8848125007270875,-4.7107216561994,27.40223040890618
0,0,4.2775216959883675,2.885706228111346,-4.712181058133739,27.410719738351347
0,0,4.278802573007032,2.88657033472562,-4.713592091169716,27.418927706299428
0,0,4.280039903850647,2.8874050641730484,-4.714955153096298,27.426856626685684
0,0,4.281234047045788,2.8882106583232097,-4.716270638871652,27.434508796978626
0,0,4.284560902265046,2.8904550249234395,-4.719935551702378,27.455827565767258
0,0,4.292986756709223,2.896139283794535,-4.729217597366269,27.509821151572353
0,0,4.293612625006979,2.8965615077300684,-4.729907063124055,27.51383176840195
0,0,4.285585834324636,2.891146465677679,-4.721064631992399,27.462395416834532
0,0,4.286569336733766,2.8918099571171383,-4.722148072767761,27.468697783208018
0,0,4.287511753829893,2.892445731539118,-4.723186253355693,27.474736871431183
0,0,4.288413428162869,2.8930540200349633,-4.724179551114168,27.48051487659236
0,0,4.289274699712863,2.893635051962456,-4.725128340570361,27.48603397731314
0,0,4.290095906113811,2.894189055096561,-4.726032993666801,27.491296337180266
0,0,4.29087738287687,2.8947162557801716,-4.726893880007532,27.496304106177522
0,0,4.291619463390415,2.895216878924107,-4.727711366858111,27.50105942068572
0,0,4.292322478361412,2.8956911476302514,-4.728485818530215,27.505564399902994
0,0,4.294200407481577,2.896958038167147,-4.730554572976711,27.51759832806509
0,0,4.298053318943503,2.8995572933883342,-4.734798997131609,27.542288109617473
0,0,4.298242946094898,2.8996852198585406,-4.73500789320144,27.543503256394292
0,0,4.294750426348859,2.897329092479363,-4.731160481881966,27.52112289534806
0,0,4.295263001590161,2.897674886532865,-4.731725142335985,27.524407520718242
0,0,4.295738451064038,2.8979956347617297,-4.732248904496444,27.527454241040058
0,0,4.29617709028281,2.8982915500172135,-4.732732115936375,27.53026507814307
0,0,4.296579232747746,2.8985628437938744,-4.733175122013403,27.532842040969836
0,0,4.296945190060781,2.8988097263049415,-4.733578265992822,27.53518712629184
0,0,4.2972752711424445,2.8990324059547095,-4.733941888186046,27.537302313697875
0,0,4.297569783349109,2.899231090092261,-4.7342663271813965,27.539189572753507
0,0,4.297829031579191,2.89940598440849,-4.734551918859469,27.54085085727349
0,0,4.298398212122075,2.899789965590645,-4.73517893654949,27.54449821418956
0,0,4.298125289717536,2.899605846388326,-4.734878281198936,27.542749304406556
0,0,4.297921725166815,2.899468517454989,-4.734654031484221,27.541444845599557
0,0,4.298519413544051,2.899871730622622,-4.735312453825485,27.545274883122136
0,0,4.298606845315691,2.8999307139372337,-4.735408769956057,27.545835153287655
0,0,4.298660799933897,2.8999671128590534,-4.735468207160116,27.54618089903095
0,0,4.29868156810797,2.899981123506697,-4.735491085687318,27.546313983241728
0,0,4.298669438536155,2.89997294064208,-4.735477723571913,27.546236255922686
0,0,4.298624698017364,2.8999427577457917,-4.735428436755817,27.545949554905448
0,0,4.298547631116006,2.8998907667909735,-4.735343538719384,27.545455703702725
0,0,4.298438520608881,2.899817158544811,-4.735223340973713,27.54475651437211
0,0,4.298297647150011,2.8997221223424186,-4.735068152691417,27.543853785368235
0,0,4.297687228453878,2.899310321033535,-4.734395706442894,27.539942170888654
0,0,4.293700128618004,2.8966205395090423,-4.730003458393955,27.51439249892031
0,0,4.2931429860321675,2.896244679386252,-4.729389701895158,27.510822282248125
0,0,4.297422072523697,2.8991314412583935,-4.734103606755165,27.53824302932826
0,0,4.297126528645366,2.8989320611334066,-4.733778031255075,27.536349159233595
0,0,4.296800866076922,2.8987123623057176,-4.733419276561252,27.534262286032867
0,0,4.296445352065347,2.8984725250657695,-4.733027637076916,27.531984122267268
0,0,4.296060252293467,2.8982127286487924,-4.732603405482195,27.52951637045476
0,0,4.295645830209601,2.8979331507825714,-4.732146871995645,27.526860718794392
0,0,4.295202347809642,2.8976339682150543,-4.731658325235809,27.52401884617793
0,0,4.294730064854975,2.8973153561867404,-4.7311380513596655,27.520992417178228
0,0,4.294229239766279,2.8969774890336644,-4.730586335047249,27.5177830877768
0,0,4.29255806473146,2.895850079157342,-4.728745343953905,27.50707405722855
0,0,4.2852353664991645,2.890910032701158,-4.720678551461184,27.460149589455018
0,0,4.2843610585028795,2.890320206112427,-4.719715400863272,27.454546950087074
0,0,4.291945615762691,2.8954369081837767,-4.7280706611270675,27.503149432590707
0,0,4.291305888161612,2.8950053344703206,-4.727365927756108,27.499050004176706
0,0,4.290639129511549,2.8945555250418984,-4.726631416582472,27.494777358521358
0,0,4.289945585384768,2.8940876455667346,-4.725867398132194,27.49033306927247
0,0,4.289225499677658,2.893601860582469,-4.7250741410851385,27.485718699338662
0,0,4.288479114722453,2.8930983335715306,-4.7242519123980715,27.480935801605323
0,0,4.287706670952055,2.89257722673502,-4.723400976935428,27.47598591678677
0,0,4.286908407235213,2.892038701218825,-4.722521597838549,27.47087057557408
0,0,4.286084560541345,2.8914829168875067,-4.721614036156444,27.465591296487275
0,0,4.283461868941168,2.8897135938956113,-4.71872484036551,27.448784867549698
0,0,4.2731513683384605,2.8827579130320675,-4.707366640666483,27.38271431023424
0,0,4.271993331640591,2.8819766770854307,-4.706090930341636,27.375293513420555
0,0,4.282538028191656,2.8890903514683077,-4.71770712375529,27.44286481812213
0,0,4.28158976484436,2.8884506330421575,-4.716662502850751,27.43678826662848
0,0,4.280617306148595,2.887794591924334,-4.715591227993092,27.430556669301517
0,0,4.279620877789521,2.8871223803667996,-4.714493547800418,27.424171472350782
0,0,4.278600703441242,2.8864341492648165,-4.713369708675427,27.417634109098795
0,0,4.277557005437158,2.885730048609178,-4.712219955543872,27.41094600427673
0,0,4.276490004658239,2.8850102274108393,-4.711044531731492,27.404108573308473
0,0,4.275399920086127,2.884274833399428,-4.709843678471697,27.397123219446847
0,0,4.274286969250031,2.8835240133247306,-4.708617635397877,27.389991336637372
0,0,4.270813072104893,2.881180449144344,-4.704790739010519,27.367730310788094
0,0,4.257833975093589,2.8724244769383103,-4.690492774105816,27.28455916265169
0,0,4.256422884217748,2.871472525313455,-4.688938295562157,27.275516773326274
0,0,4.269610801115688,2.880369371813122,-4.703466299537215,27.360026056905394
0,0,4.268386728493137,2.8795435866408647,-4.702117843062717,27.352182096317748
0,0,4.267141062604976,2.878703234196835,-4.700745599127996,27.344199764263177
0,0,4.265874010254783,2.8778484539950835,-4.699349795550929,27.33608038595645
0,0,4.264585776681984,2.8769793844944487,-4.697930658426298,27.32782527658912
0,0,4.263276565897026,2.8760961633246747,-4.696488412495022,27.319435743477325
0,0,4.261946580122749,2.8751989269095493,-4.695023280528768,27.310913082482084
0,0,4.2605960203530175,2.874287810843766,-4.693535483945346,27.302258581589026
0,0,4.259225086017538,2.8733629496668054,-4.692025242439463,27.29347351876053
0,0,4.254992008462432,2.870507226392204,-4.687362021703146,27.26634760082479
0,0,4.239637009478131,2.860148420674586,-4.670446728104672,27.167951472492803
0,0,4.238000979432422,2.859044720348131,-4.668644453250249,27.157467653998435
0,0,4.253541541559359,2.869528710870052,-4.685764165946501,27.25705288659642
0,0,4.252071675787818,2.868537108462657,-4.684144940109925,27.247633862783047
0,0,4.250582602198114,2.8675325480565808,-4.682504554657258,27.238091753651158
0,0,4.249074510052953,2.8665151573324286,-4.680843218083089,27.22842777201212
0,0,4.24754758760951,2.865485063292457,-4.679161137774302,27.21864312423379
0,0,4.246002021560805,2.86444239188371,-4.677458519394684,27.20873900666078
0,0,4.2444379973708815,2.8633872682241353,-4.675735567254165,27.198716607762325
0,0,4.2428556990513515,2.8623198164518437,-4.673992484062652,27.18857710670035
0,0,4.241255309273124,2.861240159800478,-4.672229471053119,27.178321674045446
0,0,4.236347398008245,2.8579291794920993,-4.666822843538159,27.146871364790794
0,0,4.218884639734286,2.8461484349646256,-4.647585611185021,27.034968537189716
0,0,4.2170494167264385,2.8449103548705637,-4.645563902422412,27.023208273396623
0,0,4.234676442625418,2.856801917797637,-4.664982094416692,27.13616374179103
0,0,4.232988289139607,2.8556630539006793,-4.663122399611048,27.125345911897078
0,0,4.231283112512672,2.8545127058341833,-4.6612439518617945,27.114418996279294
0,0,4.229561086254047,2.853350990651266,-4.659346942309484,27.10338410680076
0,0,4.227822382420732,2.8521780244252057,-4.6574315604946515,27.09224234601725
0,0,4.226067172064206,2.85099392255093,-4.655497994850129,27.08099481004105
0,0,4.224295624783512,2.849798799443527,-4.653546432208727,27.069642585677144
0,0,4.222507909060444,2.8485927687643637,-4.651577058172479,27.05818675257107
0,0,4.220704192036091,2.847375943270338,-4.649590056866474,27.046628381777015
0,0,2.2314622515307243,1.5053914333331508,-2.4582117639438246,14.299398280266608
0,0,2.3640627841315256,1.5948465454219742,-2.604286468510709,15.149113674974116
0,0,2.3791203175618767,1.6050046746117594,-2.6208740696628574,15.245603618952025
0,0,2.2428229512108246,1.5130556006133105,-2.4707268784527514,14.372198601830108
0,0,2.254691831193052,1.5210625970284404,-2.4838018118858103,14.448255385622945
0,0,2.2670334621473396,1.5293885212062748,-2.4973975347698842,14.527341597510405
0,0,2.279814326475688,1.5380107614692637,-2.511477123624127,14.609242453898066
0,0,2.2930027170890135,1.5469079275473063,-2.526005649451048,14.693754773085319
0,0,2.306568640317844,1.556059785079258,-2.540950070781498,14.780686353108912
0,0,2.320483724744451,1.5654471941091672,-2.556279133242802,14.869855387531562
0,0,2.334721134950895,1.5750520508988928,-2.571963274542332,14.961089912732167
0,0,2.349255489624366,1.5848572326802377,-2.587974534251139,15.054227283117905
0,0,4.215198686578424,2.843661813333139,-4.643525110765232,27.01134863854168
0,0,2.2003518779215034,1.4844037200581497,-2.423940117029603,14.100040382735074
0,0,2.3944066232346017,1.6153171383745888,-2.637713689695039,15.343559554750737
0,0,2.5558907368746793,1.7242577225706295,-2.8156069736023843,16.378363372422893
0,0,2.572570641370927,1.7355103374514065,-2.833981802675119,16.48524960700071
0,0,2.4099014032275283,1.6257702433046557,-2.654782968116489,15.44285141157331
0,0,2.425585466593019,1.636351042784489,-2.6720607638959346,15.543356212208968
0,0,2.441440670031826,1.6470472969622871,-2.689527090107038,15.64495769286616
0,0,2.4574498629242276,1.657847435668764,-2.7071630533738826,15.74754595092745
0,0,2.4735968344839505,1.6687405227660728,-2.724950795654958,15.851017106307394
0,0,2.4898662642638496,1.6797162227578941,-2.742873439719482,15.955272984288758
0,0,2.5062436744491947,1.6907647686054832,-2.7609150365929813,16.06022080981388
0,0,2.522715385949614,1.70187693210637,-2.7790605171875304,16.165772926118144
0,0,2.539268475608297,1.7130439950267862,-2.7972956451627757,16.271846520522935
0,0,2.1880078290076956,1.476076164673897,-2.4103417304856203,14.020938676359112
0,0,2.589297303475013,1.746794495999227,-2.8524081406190263,16.592435468272484
0,0,2.7571374815632526,1.860023015141697,-3.037303358970093,17.66796948291614
0,0,2.773813229877348,1.8712728261744578,-3.055673609531202,17.774829084328246
0,0,2.6060604462444883,1.758103265172265,-2.8708746662025653,16.699855100724374
0,0,2.6228503694630416,1.7694301010002937,-2.889370693524224,16.80744634455227
0,0,2.6396579191394824,1.7807688280080567,-2.907886138412146,16.915150540208696
0,0,2.6564744587943334,1.7921136198445997,-2.926411486793023,17.022912344404872
0,0,2.6732918421988514,1.803458980892439,-2.944937764660991,17.130679555420063
0,0,2.6901023877899264,1.8147997290073135,-2.9634565098927097,17.2384029491501
0,0,2.7068988537553342,1.8261309787101718,-2.981959744800907,17.346036119451572
0,0,2.7236744153534964,1.8374481258866038,-3.000439951149492,17.45353533280493
0,0,2.740422643127037,1.848746833089249,-3.018890046153289,17.560859388705136
0,0,2.177617308044619,1.4690665003898813,-2.398895379176106,13.954355341826531
0,0,2.7904445234660393,1.8824926471131673,-3.0739948881104295,17.88140381611123
0,0,2.953339858253689,1.9923852708181162,-3.2534427940706956,18.92525085790104
0,0,2.969208278016564,2.003090441006489,-3.270923679579531,19.026937029877352
0,0,2.8070263161432214,1.8936790736943983,-3.0922616357546553,17.987661341879004
0,0,2.823553863381172,1.9048289051598204,-3.110468625822086,18.093571258297825
0,0,2.8400227065572796,1.9159391336287148,-3.128610946628222,18.19910499413802
0,0,2.856428658318026,1.9270069342242044,-3.146683985322602,18.30423571648514
0,0,2.8727677874960675,1.9380296548980025,-3.1646834112732347,18.40893823408734
0,0,2.889036406932173,1.9490048082148332,-3.18260516265107,18.51318891931734
0,0,2.9052310596212836,1.959930062006274,-3.200445431168294,18.616965619395206
0,0,2.9213485070930822,1.970803231532041,-3.2182006492781876,18.720247581930057
0,0,2.9373857183511807,1.9816222720181318,-3.2358674779903764,18.823015384041433
0,0,2.1690671382818842,1.4632983757865923,-2.389476385921771,13.89956513297699
0,0,2.984988504823149,2.0137361143690526,-3.2883074104255448,19.128058053952714
0,0,3.137505134159644,2.116627044783183,-3.4563219812186863,20.105397476006704
0,0,3.152194127522583,2.126536549081402,-3.4725035931910595,20.199525784154766
0,0,3.0006782331096034,2.0243207355238813,-3.3055914467655665,19.22859915587961
0,0,3.016275315738599,2.0348428559669105,-3.322773423281414,19.328546576620983
0,0,3.031777755396471,2.0453011282682754,-3.3398511397028634,19.427887517222445
0,0,3.0471836971076214,2.055694301022368,-3.3568225525614066,19.52661009084393
0,0,3.06249142074892,2.0660212137978964,-3.373685766944006,19.624703274791376
0,0,3.0776993336758354,2.076280792163316,-3.390439028369931,19.722156863264317
0,0,3.0928059644658155,2.086472043465982,-3.4070807158983714,19.81896142726296
0,0,3.1078099563264927,2.0965940523851874,-3.423609334866823,19.915108272347403
0,0,3.1227100612859684,2.1066459770128043,-3.4400235104910153,20.010589401408474
0,0,2.1622502307704283,1.4586995464035137,-2.381966779955153,13.855881814794403
0,0,3.1667760862349663,2.136373845550021,-3.488567294212009,20.292968205236164
0,0,3.306555772144907,2.2306721656665625,-3.6425506600648183,21.188688219744908
0,0,3.3199193695217146,2.239687529917407,-3.6572721962493278,21.27432327864721
0,0,3.181250143084809,2.14613834914957,-3.5045121289480066,20.38571918208336
0,0,3.1956155134251416,2.1558295305406783,-3.520337233020366,20.477773686612412
0,0,3.2098714917105267,2.165446913747533,-3.536041829189816,20.56912719762866
0,0,3.2240174465811426,2.1749900728415015,-3.551625221941055,20.65977566932513
0,0,3.238052817399301,2.184458629604591,-3.5670867936673267,20.749715509088226
0,0,3.251977110339057,2.193852250891418,-3.58242600036268,20.838943552439662
0,0,3.2657898946992767,2.2031706461419263,-3.597642367560386,20.92745703941025
0,0,3.2794908001105028,2.2124135654970796,-3.612735487255982,21.01525359664127
0,0,3.2930795126245664,2.221580797160831,-3.62770501359953,21.102331212326387
0,0,2.1570652553314242,1.4552016527678202,-2.3762549344551114,13.822656054947979
0,0,3.3331701437587915,2.2486267813019394,-3.671869444797271,21.359235357356084
0,0,3.459466832999468,2.33382918789019,-3.810999742442063,22.16855519222788
0,0,3.4714773618143324,2.3419317435911857,-3.824230718320608,22.245519673685074
0,0,3.3463079793321504,2.257489841885244,-3.686342278445717,21.44342371558408
0,0,3.3593328040672312,2.2662766629768427,-3.7006906176861047,21.526887890830523
0,0,3.372244586345766,2.2749872232463857,-3.714914427687283,21.609627680482895
0,0,3.3850433334299006,2.2836215275930702,-3.72901371644934,21.69164313107763
0,0,3.3977290888925133,2.292179605412077,-3.742988531972801,21.772934521833413
0,0,3.4103019308296063,2.3006615093886147,-3.7568389602893757,21.853502353196014
0,0,3.4227619701844296,2.3090673143673355,-3.770565123615786,21.93334733609913
0,0,3.435109348512972,2.3173971158448916,-3.784167177892199,22.01247037764547
0,0,3.447344236643258,2.325651029065466,-3.7976453113052897,22.09087257251543
0,0,2.15341633107713,1.452740011613224,-2.372235225620022,13.799273440623724
0,0,3.4833760721236042,2.349958864173218,-3.8373385132823854,22.321767612729115
0,0,3.596282897027998,2.4261281862665345,-3.9617183386722776,23.04528406780728
0,0,3.606973798011896,2.4333404932391183,-3.973495593047855,23.113792262843422
0,0,3.495163235978454,2.3579107331677363,-3.850323427022983,22.397300752686846
0,0,3.506839147216491,2.3657875488037803,-3.863185783238248,22.47212097649444
0,0,3.518404120456235,2.3735895233296302,-3.875925928516589,22.54623030025391
0,0,3.529858489644688,2.381316882032966,-3.8885442307389524,22.6196308639258
0,0,3.5412026069400784,2.3889698624871474,-3.9010410778480433,22.69232492416974
0,0,3.552436842041513,2.396548714098977,-3.9134168771098565,22.764314850048777
0,0,3.563561580513094,2.4040536969781185,-3.925672053267499,22.83560311229019
0,0,3.5745772234487445,2.4114850817109814,-3.937807048171959,22.906192281137667
0,0,3.5854841860197775,2.418843148380877,-3.949822319182086,22.97608501704399
